phenotype,rsid,gene,genotype,effect,means,sdev,effect_error
BMI,rs9939609,FTO/rs9939609,TT,0,25.3,4.61,0
BMI,rs9939609,FTO/rs9939609,AT,0.29,25.8,4.44,0.04
BMI,rs9939609,FTO/rs9939609,AA,0.58,26.1,4.01,0.08
BMI,rs6548238,TMEM18/rs6548238,TT,0.48,25.8,0.86,0.1
BMI,rs6548238,TMEM18/rs6548238,CT,0.24,25.6,4.32,0.05
BMI,rs6548238,TMEM18/rs6548238,CC,0,25.2,16.95,0
BMI,rs17782313,MC4R/rs17782313,TT,0,25.6,3.53,0
BMI,rs17782313,MC4R/rs17782313,CT,0.21,25.8,3.95,0.04
BMI,rs17782313,MC4R/rs17782313,CC,0.42,26.2,3.72,0.08
BMI,rs10938397,GNPDA2/rs10938397,AA,0,25.6,4.01,0
BMI,rs10938397,GNPDA2/rs10938397,AG,0.18,25.7,4.34,0.04
BMI,rs10938397,GNPDA2/rs10938397,GG,0.36,26,4.12,0.08
BMI,rs7498665,SH2B1/rs7498665,AA,0.34,26,5.72,0.08
BMI,rs7498665,SH2B1/rs7498665,AG,0.17,25.8,4.41,0.04
BMI,rs7498665,SH2B1/rs7498665,GG,0,25.4,2.54,0
BMI,rs10838738,MTCH2/rs10838738,AA,0,25.5,4.01,0
BMI,rs10838738,MTCH2/rs10838738,AG,0.15,25.8,4.34,0.04
BMI,rs10838738,MTCH2/rs10838738,GG,0.3,25.9,4.12,0.08
BMI,rs11084753,KCTD15/rs11084753,AA,0.44,25.7,2.35,0.08
BMI,rs11084753,KCTD15/rs11084753,AG,0.22,25.7,4.34,0.04
BMI,rs11084753,KCTD15/rs11084753,GG,0,25.6,6.01,0
BMI,rs2815752,NEGR1/rs2815752,GG,0,25.5,4.01,0
BMI,rs2815752,NEGR1/rs2815752,AG,0.15,25.6,4.44,0.04
BMI,rs2815752,NEGR1/rs2815752,AA,0.3,25.9,3.69,0.08
T2D,rs560887,G6PC2/rs560887,TT,0,101.5,9,0
T2D,rs560887,G6PC2/rs560887,CT,0.97,101.5,9,0.32
T2D,rs560887,G6PC2/rs560887,CC,1.94,103,8.8,0.65
T2D,rs10830963,MTNR1B/rs10830963,CC,0,95.4,11.5,0
T2D,rs10830963,MTNR1B/rs10830963,CG,1.09,96.8,11.5,0.48
T2D,rs10830963,MTNR1B/rs10830963,GG,2.18,98.2,11.9,0.97
T2D,rs14607517,GCK/rs14607517,AA,0,92.16,9.8,0
T2D,rs14607517,GCK/rs14607517,AG,1.07,93.06,10.1,0.4
T2D,rs14607517,GCK/rs14607517,GG,2.14,94.14,11.2,0.81
T2D,rs2191349,DGKB/TMEM195,GG,0,91.4,9.5,0
T2D,rs2191349,DGKB/TMEM195,GT,1.06,92.7,10.1,0.32
T2D,rs2191349,DGKB/TMEM195,TT,2.18,92.9,10.1,0.65
T2D,rs780094,GCKR/rs780094,TT,0,91.1,9.2,0
T2D,rs780094,GCKR/rs780094,CT,1.06,92.3,10.1,0.32
T2D,rs780094,GCKR/rs780094,CC,2.12,93.6,10.3,0.65
T2D,rs11708067,ADCY5/rs11708067,GG,0,90.2,9.3,0
T2D,rs11708067,ADCY5/rs11708067,AG,1.12,92.7,10,0.48
T2D,rs11708067,ADCY5/rs11708067,AA,2.24,92.7,10.2,0.97
T2D,rs7944584,MADD/rs7944584,TT,0,91.4,10.3,0
T2D,rs7944584,MADD/rs7944584,AT,2.02,92.9,10.1,0.65
T2D,rs7944584,MADD/rs7944584,AA,1.01,92.3,9.7,0.32
T2D,rs10885122,ADRA2A/rs10885122,TT,2.08,98.1,11,0.97
T2D,rs10885122,ADRA2A/rs10885122,GT,0,91.6,9.5,0
T2D,rs10885122,ADRA2A/rs10885122,GG,1.04,92.7,10.1,0.48
T2D,rs174550,FADS1/rs174550,CC,2.08,93.4,10.6,0.65
T2D,rs174550,FADS1/rs174550,CT,1.04,92.7,10.1,0.32
T2D,rs174550,FADS1/rs174550,TT,0,92.2,9.8,0
T2D,rs11605924,CRY2/rs11605924,CC,0,91.8,10.2,0
T2D,rs11605924,CRY2/rs11605924,AC,1.04,92.3,10.2,0.32
T2D,rs11605924,CRY2/rs11605924,AA,2.08,93.8,9.1,0.65
T2D,rs11920090,SLC2A2/rs11920090,AA,1.01,92.2,10.5,0.4
T2D,rs11920090,SLC2A2/rs11920090,AT,0,91.8,9.7,0
T2D,rs11920090,SLC2A2/rs11920090,TT,2.02,92.9,9.8,0.81
T2D,rs7034200,GLIS3/rs7034200,CC,0,91.6,9.7,0
T2D,rs7034200,GLIS3/rs7034200,AC,1.03,92.9,10.2,0.32
T2D,rs7034200,GLIS3/rs7034200,AA,2.06,92.9,10.1,0.65
T2D,rs340874,PROX1/rs340874,TT,0,91.4,9.7,0
T2D,rs340874,PROX1/rs340874,CT,2.14,93,9.9,0.65
T2D,rs340874,PROX1/rs340874,CC,1.07,92.7,10.4,0.32
T2D,rs11071657,FAM148B/rs11071657,GG,0,91.4,9.1,0
T2D,rs11071657,FAM148B/rs11071657,AG,1.03,92.3,9.8,0.32
T2D,rs11071657,FAM148B/rs11071657,AA,2.06,93.1,10.2,0.65
